image_id,caption
2431832075_00aa1a4457.jpg,a young boy is petting a peach bubble
2581066814_179d28f306.jpg,a man in a helmet is riding a unicycle down the street
2621415349_ef1a7e73be.jpg,a man in a white shirt and a woman in a red shirt are standing in front of a store
114051287_dd85625a04.jpg,a man in a red shirt is sitting on a bench with a shopping cart
3554634863_5f6f616639.jpg,a man with a red shirt and a cast bag is standing next to a man in a white shirt
3523559027_a65619a34b.jpg,a man in a red shirt is standing on a rock
751737218_b89839a311.jpg,a man in a red shirt is standing next to a man in a red shirt
3716244806_97d5a1fb61.jpg,a man in a red shirt is standing on a rock overlooking a lake
2510020918_b2ca0fb2aa.jpg,a young boy is petting a peach
1679617928_a73c1769be.jpg,a man is sitting on a bench with a dog
160792599_6a7ec52516.jpg,a man in a black and white shirt is standing in a large area
430173345_86388d8822.jpg,a dog is running through a field of grass
2861932486_52befd8592.jpg,a man in a red shirt is standing next to a man in a red shirt
1499581619_a5f65a882c.jpg,a man in a red shirt is standing on a park bench
3044536048_e615466e7f.jpg,a man in a black wetsuit is walking through a river
3411393875_a9ff73c67a.jpg,a man in a white shirt and a woman in a black shirt give faces
3398746625_5199beea71.jpg,a man in a black wetsuit is walking along a beach
359837950_9e22ffe6c2.jpg,a man in a red shirt is standing on a snowy hill
3051384385_c5c850c1f8.jpg,a man in a red shirt is standing next to a man in a red shirt
327415627_6313d32a64.jpg,a black and white dog is running through a field
2049051050_20359a434a.jpg,a man in a red shirt is standing on a rock overlooking a lake
3192266178_f9bf5d3dba.jpg,a dog is running through a field
2251747182_6b67a3ab8b.jpg,a basketball player in a white shirt is challenging the ball
315880837_90db309bab.jpg,a dog is running through the snow
215214751_e913b6ff09.jpg,a man paddles a boat in the water
370713359_7560808550.jpg,a man in a blue shirt and a woman in a white shirt and a man in a white and white shirt are sitting on a bench
249394748_2e4acfbbb5.jpg,a black and white dog is running through a field
3507076266_8b17993fbb.jpg,a man in a red shirt is riding a horse on a horse
2966552760_e65b22cd26.jpg,a woman in a red shirt is standing next to a woman in a red shirt
3220126881_b0a4f7cccb.jpg,a man in a white shirt and a woman in a white shirt give a funny face
3320356356_1497e53f80.jpg,a man is climbing a rock face
1509786421_f03158adfc.jpg,a woman in a red shirt is sitting on a bench smoking a cigarette
2102360862_264452db8e.jpg,a man in a black shirt is standing on a beach with a stick in his hand
2084217208_7bd9bc85e5.jpg,a man in a blue shirt is riding a bicycle down the street
3223055565_68973f5d20.jpg,a black dog is running through the water
1348304997_afe60a61df.jpg,a boy in a red shirt is jumping on a trampoline
2878190821_6e4e03dc5f.jpg,a man in a red shirt is standing next to a man in a red shirt
3025549604_38b86198f5.jpg,a man in a red shirt is standing on a bench
3688858505_e8afd1475d.jpg,a man in a red shirt is standing next to a man in a red shirt
2358561039_e215a8d6cd.jpg,a man in a red shirt is running on the snow
2354540393_a149722680.jpg,a young boy in a red shirt is playing with a toy
3482974845_db4f16befa.jpg,a black dog is running through the water
3295680663_af21ea648b.jpg,a dog is running through a field
2647049174_0fb47cee2e.jpg,a young boy is petting a peach
293881927_ac62900fd4.jpg,a man in a red shirt is riding a horse on a horse
3468694409_a51571d621.jpg,a man in a white shirt is standing in front of a group of people
2396691909_6b8c2f7c44.jpg,a man in a white shirt and a woman in a red shirt are standing in front of a store
3024172109_a10198e1dd.jpg,a boy in a red shirt is jumping on a trampoline
2308978137_bfe776d541.jpg,a man in a white shirt is standing next to a man in a white shirt
3437654963_c4fdc17e8b.jpg,a dog is running through the water
2317714088_bcd081f926.jpg,a man in a red shirt is standing next to a man in a red shirt
997722733_0cb5439472.jpg,a man is climbing a rock
2239938351_43c73c887c.jpg,a black and white dog is running through a field
2822290399_97c809d43b.jpg,a dog is running through a field
1472882567_33dc14c8b6.jpg,a man in a red jacket is walking on a snowy hill
2526585002_10987a63f3.jpg,a man in a red shirt is standing on a dock in front of a lake
1119015538_e8e796281e.jpg,a black dog is running through a field
293879742_5fe0ffd894.jpg,a dog is running through a field
3708177171_529bb4ff1d.jpg,a boy is climbing a rock wall
2470486377_c3a39ccb7b.jpg,a young boy in a red shirt is running on the grass
343218198_1ca90e0734.jpg,a black dog is running through a field
3227148358_f152303584.jpg,a dog is running through the water
2374652725_32f90fa15c.jpg,a black dog is running through the water
2797149878_bb8e27ecf9.jpg,a boy in a red shirt is running on a sidewalk
533713007_bf9f3e25b4.jpg,a man in a red shirt is standing next to a man in a red shirt
398662202_97e5819b79.jpg,a baby in a pink shirt is sitting on a bed
1467533293_a2656cc000.jpg,a man in a red shirt is standing on a bench
3110649716_c17e14670e.jpg,a man in a white shirt and a woman in a black shirt give faces
561940436_64d6fc125d.jpg,a man in a white shirt and a woman in a red shirt give a book
3523471597_87e0bf3b21.jpg,a man in a white shirt and a woman in a black shirt give faces
700884207_d3ec546494.jpg,a woman in a red shirt is standing next to a man in a red shirt
387830531_e89c192b92.jpg,a dog is running through a field of grass
2238759450_6475641bdb.jpg,a man in a red shirt is standing on a rock
2913965136_2d00136697.jpg,a young boy in a red shirt kicks a soccer ball
3280052365_c4644bf0a5.jpg,a man in a white shirt and a woman in a black shirt give faces
3609032038_005c789f64.jpg,a man on a bike is riding on a dirt path
309687244_4bdf3b591f.jpg,a man is climbing a rock face
2078311270_f01c9eaf4c.jpg,a man in a red shirt is standing next to a man in a red shirt
3325497914_f9014d615b.jpg,a young boy in a red shirt is running on a sidewalk
166507476_9be5b9852a.jpg,a dog is running through the water
3187492926_8aa85f80c6.jpg,a man in a black wetsuit is surfing
2285570521_05015cbf4b.jpg,a man is snowboarding
3042380610_c5ea61eef8.jpg,a man in a red shirt is standing next to a man in a red shirt
241346508_0b3907a95b.jpg,a man in a white shirt and a white shirt is playing with a football
3155451946_c0862c70cb.jpg,a basketball player in a white shirt is challenging the ball
3467219837_7d62213dec.jpg,a dog is running through the water
3613955682_3860e116cf.jpg,a woman in a costume is riding a unicycle
3601843201_4809e66909.jpg,a man on a motorcycle is turning up a corner
2884301336_dc8e974431.jpg,a dog swims in the water
3139160252_75109e9e05.jpg,a man in a white shirt and a woman in a red shirt are standing in front of a store
1962729184_6996e128e7.jpg,a man in a blue shirt and a woman in a white shirt and a man in a white shirt sit on a bench
2393264648_a280744f97.jpg,a man in a red shirt is standing on a beach
3651971126_309e6a5e22.jpg,a black dog is running through the grass
3741462565_cc35966b7a.jpg,a man in a red shirt is standing next to a railing
2731171552_4a808c7d5a.jpg,a man in a black shirt is standing on a beach
1392272228_cf104086e6.jpg,a black dog is running through the water
2167644298_100ca79f54.jpg,a man in a white shirt and a woman in a red shirt are standing in front of a store
2712787899_d85048eb6a.jpg,a boy in a red shirt is jumping on a trampoline
522063319_33827f1627.jpg,a woman in a red shirt is standing next to a man in a white shirt
2842865689_e37256d9ce.jpg,a man in a red shirt is standing on a bench
486917990_72bd4069af.jpg,a man is climbing a rock face
2526041608_a9775ab8d7.jpg,a man in a white shirt and a white shirt is playing with a football
2194494220_bb2178832c.jpg,a dog is running through the snow
3506560025_8d0f4f9ac4.jpg,a man in a red shirt is standing next to a man in a red shirt
2415803492_56a673dc25.jpg,a man in a red shirt is standing on a sidewalk with a microphone
2216695423_1362cb25f3.jpg,a dog is running through a field
2247889670_413db8094b.jpg,a man in a black and white shirt is standing in a large area
3567061016_62768dcce1.jpg,a dog is running through a field
3085226474_62aba51179.jpg,a man in a white shirt is standing in front of a crowd
3725202807_12fbfdd207.jpg,a man in a red shirt is standing next to a man in a red shirt
3052196390_c59dd24ca8.jpg,a young boy in a swimsuit is running through sprinklers
3364861247_d590fa170d.jpg,a man in a white shirt and a woman in a black shirt give faces
241346971_c100650320.jpg,a boy in a red shirt is chasing a ball
2608289957_044849f73e.jpg,a young boy is playing with a toy
3498997518_c2b16f0a0e.jpg,a man is playing a cricket game
3627011534_485f667b10.jpg,a young boy in a red shirt is playing with a toy
3538213870_9856a76b2a.jpg,a man in a red shirt is standing in front of a crowd
2274992140_bb9e868bb8.jpg,a young boy in a red shirt is playing on a bed
3353036763_4cbeba03b2.jpg,a man in a red shirt is riding a horse on a horse
3537400880_8f410d747d.jpg,a boy in a red shirt is jumping on a trampoline
3361990489_92244a58ef.jpg,a man in a red shirt is standing on a bench
3179336562_c3d0c0a3bd.jpg,a man in a red shirt is standing on a bench in front of a large wooden bridge
1773928579_5664a810dc.jpg,a young boy in a red shirt is running on the grass
260520547_944f9f4c91.jpg,a man in a red shirt is standing on a park bench
3263497678_8bb688ca01.jpg,a man in a red shirt is standing on a stage
3232470286_903a61ea16.jpg,a young boy in a red shirt is playing with a toy thrown
2890113532_ab2003d74e.jpg,a black and white dog is running through a field
2480850054_de3433b54a.jpg,a dog is running through a field
3004823335_9b82cbd8a7.jpg,a black dog is running through a field
3157847991_463e006a28.jpg,a man in a red shirt is standing on a sidewalk with a shopping cart
2878272032_fda05ffac7.jpg,a black dog is running through the water
2378149488_648e5deeac.jpg,a man in a white shirt is standing on a sidewalk with a red bag
410453140_5401bf659a.jpg,a man in a red shirt is standing next to a man in a red shirt
533979933_a95b03323b.jpg,a man in a black shirt is standing on a beach
2358554995_54ed3baa83.jpg,a young boy is petting a peach bubble
476233374_e1396998ef.jpg,a man in a red shirt is standing on a rock overlooking a lake
3258874419_23fec1bdc1.jpg,a dog is running through a field
3429956016_3c7e3096c2.jpg,a man in a red shirt is standing on a rock
2544182005_3aa1332bf9.jpg,a man in a helmet is riding a unicycle down the street
3657016761_d553e514d9.jpg,a young boy in a red shirt is running through a field
2944362789_aebbc22db4.jpg,a man in a red shirt is standing on a bench
3310067561_b92017acab.jpg,a dog is running through the water
1107246521_d16a476380.jpg,a black dog is running through the grass
2196316998_3b2d63f01f.jpg,a man in a white shirt is standing in front of a crowd
3658427967_6e2e57458d.jpg,a young boy in a swimsuit is running on the beach
3344233740_c010378da7.jpg,a man in a white shirt and a woman in a white shirt are standing in front of a store
2715035273_8fc8b1291c.jpg,a man in a blue shirt is sitting on a bench with a shopping cart
2909875716_25c8652614.jpg,a young boy is walking along a beach
2280525192_81911f2b00.jpg,a black dog is running through the grass
2718024196_3ff660416a.jpg,a young boy in a red shirt is running through a sprinkler
757046028_ff5999f91b.jpg,a man in a white shirt is playing guitar
3439382048_d2e23b2b4c.jpg,a woman in a white sports outfit is running on the grass
150387174_24825cf871.jpg,a man is riding a bike on a dirt path
3571147934_d1c8af1d6e.jpg,a man in a white shirt is standing next to a man in a red shirt
3673165148_67f217064f.jpg,a black dog is running through the water
491405109_798222cfd0.jpg,a baby in a red shirt is sitting on a bed
2554081584_233bdf289a.jpg,a man is climbing a rock
3470951932_27ed74eb0b.jpg,a baseball player is being chased by a base
3245912109_fdeef6b456.jpg,a man in a white shirt and a woman in a white shirt and a man in a white shirt are sitting on a bench in front of a store
246055693_ccb69ac5c6.jpg,a dog is running through a field
2295750198_6d152d7ceb.jpg,a man in a black shirt is standing on a beach
2831217847_555b2f95ca.jpg,a man in a red shirt is sitting on a bench in a wooded area
3221036999_3f7b152d8a.jpg,a man in a red shirt is climbing a rock
917574521_74fab68514.jpg,a young boy in a red shirt is playing with a toy
3502993968_4ee36afb0e.jpg,a man is riding a bike on a dirt path
416788726_5b4eb1466e.jpg,a group of men in a parade
3591462960_86045906bd.jpg,a man in a red shirt is standing next to a man in a red shirt
3613424631_3ae537624f.jpg,a man on a bike performing a trick in the air
3741827382_71e93298d0.jpg,a young boy in a red shirt is playing with a toy thrown
542179694_e170e9e465.jpg,a man in a red shirt is standing next to a railing
3702436188_2c26192fd0.jpg,a boy is jumping off a platform into the air
3186073578_6e115f45f5.jpg,a man in a white shirt and a woman in a red shirt are standing in front of a store
485245061_5a5de43e20.jpg,a man in a red jacket is walking down a snowy hill
3364151356_eecd07a23e.jpg,a dog is running through a field of grass
2662845514_8620aaee96.jpg,a man in a white shirt is standing on a stage
2902269566_419d9f1d8e.jpg,a man is riding a bike on a dirt track
2228022180_9597b2a458.jpg,a man in a white shirt and a woman in a red shirt give gestures
3549583146_3e8bb2f7e9.jpg,a boy is riding a unicycle down the street
3027397797_4f1d305ced.jpg,a man in a speedo is walking along a beach
3472364264_dbde5a8d0a.jpg,a black dog is running through the water
3393926562_66cc01b001.jpg,a man in a white shirt and a woman in a red shirt are standing in front of a store
1131800850_89c7ffd477.jpg,a dog is running through the water
3281078518_630a7a7f4f.jpg,a dog is running through a field
3578914491_36019ba703.jpg,a black and white dog is running through a field
3259991972_fce3ab18b2.jpg,a man in a red shirt is sitting on a bench with a red umbrella
1764955991_5e53a28c87.jpg,a dog is running through the water
3542484764_77d8920ec9.jpg,a young boy in a red shirt is playing with a toy
421730441_6b2267fd31.jpg,a man in a white shirt and a woman in a red shirt are standing in front of a store
2910758605_73a3f5a5c2.jpg,a man with a red shirt and a hat is standing in front of a store
2542662402_d781dd7f7c.jpg,a dog is running through a field
3048597471_5697538daf.jpg,a brown dog is running through the water
2553550034_5901aa9d6c.jpg,a man is climbing a rock face
3745451546_fc8ec70cbd.jpg,a man in a red shirt is standing on a snowy mountain
3099923914_fd450f6d51.jpg,a man in a white shirt and a woman in a white shirt are sitting on a bench in front of a store
3641022607_e7a5455d6c.jpg,a man in a red shirt is climbing a rock
2176980976_7054c99621.jpg,a man is standing on a snowy mountain
1446053356_a924b4893f.jpg,a young boy in a red shirt is chasing a soccer ball
245252561_4f20f1c89e.jpg,a black dog is running through a field
3413571342_b9855795e2.jpg,a man in a black wetsuit is wakeboarding in the water
3245070961_8977fdd548.jpg,a young boy in a red shirt is playing with a toy
1998457059_c9ac9a1e1a.jpg,a man in a black wetsuit is paddling in a pool
3473264983_67917a931f.jpg,a firefighter pets a fire
3686924335_3c51e8834a.jpg,a boy in a red shirt is jumping on a trampoline
3457045393_2bbbb4e941.jpg,a young boy in a red shirt is playing with a toy
2086513494_dbbcb583e7.jpg,a man in a red shirt is standing next to a man in a red shirt
1122944218_8eb3607403.jpg,a woman in a red shirt is standing next to a woman in a red shirt
3320032226_63390d74a6.jpg,a young boy in a red shirt is running through a field of grass
2666179615_f05a9d8331.jpg,a woman in a red shirt is standing next to a woman in a red shirt
2603792708_18a97bac97.jpg,a man in a black wetsuit is walking along a rocky beach
2333288869_8c01e4c859.jpg,a man in a swimsuit jumps into the water
2926233397_71e617f3a3.jpg,a brown dog is running through the water
2718495608_d8533e3ac5.jpg,a man in a red shirt is standing next to a man in a red shirt
470373679_98dceb19e7.jpg,a man in a white shirt and a woman in a red shirt are sitting on a bench in front of a building
3375549004_beee810e60.jpg,a man in a red shirt is standing next to a man in a red shirt
476759700_8911f087f8.jpg,a man in a red shirt is standing next to a trashcan
3433982387_3fa993cf5a.jpg,a woman in a red shirt is standing next to a woman in a red shirt
2288099178_41091aa00c.jpg,a man in a red shirt is running on a field
180506881_de0f59770f.jpg,a man in a red shirt is standing on a sidewalk with a shopping cart
3208074567_ac44aeb3f3.jpg,a man in a black wetsuit is surfing
219070971_ae43410b9e.jpg,a man is riding a bike on a dirt path
170100272_d820db2199.jpg,a boy is jumping on a trampoline
2944952557_8484f0da8f.jpg,a young boy in a red shirt is playing soccer
505929313_7668f021ab.jpg,a black dog is running through the water
2124040721_bffc0a091a.jpg,a man in a red shirt is standing next to a man in a red shirt
3251648670_9339943ba2.jpg,a man in a red shirt is standing on a sidewalk with a shopping cart
909808296_23c427022d.jpg,a black dog is running through a field
3070031806_3d587c2a66.jpg,a dog is running through the grass
2894217628_f1a4153dca.jpg,a soccer player in a red shirt is chasing another player in a baseball game
3062173277_bfb5ef4c45.jpg,a man paddles a boat in the water
488408004_a1e26d4886.jpg,a man in a red shirt is standing next to a railing
2229179070_dc8ea8582e.jpg,a young boy in a red shirt is playing with a toy
3294209955_a1f1e2cc19.jpg,a dog is running through a field
3125309108_1011486589.jpg,a boy in a red shirt is chasing a soccer ball
2101457132_69c950bc45.jpg,a black dog is running through the water
486712504_36be449055.jpg,a dog is running through a field
2283966256_70317e1759.jpg,a dog is running through the water
352382023_7605223d1c.jpg,a dog is running through the water
566397227_a469e9e415.jpg,a man in a red shirt is standing on a park bench
2295216243_0712928988.jpg,a man in a red shirt is standing in front of a crowd
3085667767_66041b202e.jpg,a man in a black wetsuit is surfing
3334537556_a2cf4e9b9a.jpg,a man in a red shirt is standing on a snowy hill
1433142189_cda8652603.jpg,a man in a red shirt is standing on a rock
448252603_7d928c900e.jpg,a man in a red shirt is standing on a rock
3384314832_dffc944152.jpg,a dog is running through a field
3523874798_9ba2fa46e3.jpg,a boy in a red shirt is jumping on a trampoline
2096771662_984441d20d.jpg,a man in a red shirt is standing on a rock overlooking a lake
2501595799_6316001e89.jpg,a young boy is swinging on a swing
2443380641_7b38d18f5b.jpg,a young boy in a red shirt is running on a track
2208067635_39a03834ca.jpg,a man in a red shirt is standing on a bench
2689001252_e0016c89f0.jpg,a woman in a swimsuit is walking on a beach
3694991841_141804da1f.jpg,a man in a red shirt is standing next to a man in a white shirt
3585598356_8ce815bbb9.jpg,a man in a white shirt is standing in front of a crowd
3064383768_f6838f57da.jpg,a man is walking on a beach
3564312955_716e86c48b.jpg,a young boy is splashing in the water
512101751_05a6d93e19.jpg,a dog is running through a field of grass
3514179514_cbc3371b92.jpg,a boy in a red shirt is playing baseball
86412576_c53392ef80.jpg,a man in a red shirt is standing next to a man in a red shirt
96420612_feb18fc6c6.jpg,a young boy in a red shirt is jumping into a pool
3456362961_d8f7e347a8.jpg,a young boy in a red shirt is running on a sidewalk
461505235_590102a5bf.jpg,a man is standing on a rock overlooking a waterfall
3432550415_e7b77232de.jpg,a boy is climbing a rock wall
300314926_0b2e4b64f5.jpg,a man paddles a boat in the water
3238951136_2a99f1a1a8.jpg,a man in a black wetsuit is walking along a beach
3697359692_8a5cdbe4fe.jpg,a woman in a red shirt is sitting on a bench with a guitar
3449114979_6cdc3e8da8.jpg,a man in a white shirt is standing in front of a crowd
2991575785_bd4868e215.jpg,a man in a red shirt is standing next to a man in a red shirt
1131932671_c8d17751b3.jpg,a young boy is playing on a bed
3500136982_bf7a85531e.jpg,a man in a red shirt is riding a unicycle down a street
3216926094_bc975e84b9.jpg,a dog is running through a field of grass
200771289_31902164a7.jpg,a man in a red shirt is standing next to a man in a red shirt
2490768374_45d94fc658.jpg,a young boy in a red shirt is playing with a toy
3150742439_b8a352e1e0.jpg,a man in a white shirt and a woman in a red shirt are standing in front of a store
1082379191_ec1e53f996.jpg,a man in a red shirt is standing on a bench
219301555_17883a51bd.jpg,a man in a black wetsuit is walking through a stream
539751252_2bd88c456b.jpg,a young boy is splashing in a pool
3108732084_565b423162.jpg,a man is skiing down a snowy hill
3295391572_cbfde03a10.jpg,a man in a red shirt is standing next to a man in a white shirt
3718964174_cb2dc1615e.jpg,a man in a white shirt and a woman in a red shirt give gestures
3316725440_9ccd9b5417.jpg,a man on a motorcycle is driving through a crowd
3072172967_630e9c69d0.jpg,a basketball player in a white shirt is challenging the ball
2938120171_970564e3d8.jpg,a dog is running through a field
106490881_5a2dd9b7bd.jpg,a young boy in a swimsuit jumps into a pool
2762301555_48a0d0aa24.jpg,a man in a red shirt is standing next to a man in a red shirt
2862004252_53894bb28b.jpg,a dog is running through a field
3458211052_bb73084398.jpg,a man in a red shirt is walking along a rocky shoreline
2183227136_8bb657846b.jpg,a man in a red shirt is standing on a rock overlooking a lake
2667015110_1670324a33.jpg,a woman in a red shirt is standing next to a woman in a red shirt
3388330419_85d72f7cda.jpg,a man in a white shirt and a woman in a red shirt are playing a game
2453971388_76616b6a82.jpg,a young boy in a swimsuit is running through sprinklers
1167669558_87a8a467d6.jpg,a man with a red mohawk and a beard earrings
506367606_7cca2bba9b.jpg,a man in a white shirt and a woman in a red shirt are sitting on a bench
532457586_bddfc5251d.jpg,a man in a red shirt is standing on a park bench
3399284917_721aefe2a7.jpg,a little boy is swinging on a swing
1224851143_33bcdd299c.jpg,a young boy in a red shirt is playing with a toy
416960865_048fd3f294.jpg,a man is rock climbing
2445283938_ff477c7952.jpg,a woman in a red shirt is standing next to a woman in a red shirt
2435685480_a79d42e564.jpg,a man is climbing up a rock
2843695880_eeea6c67db.jpg,a man paddles a boat in the water
732468337_a37075225e.jpg,a young boy is playing in a blow up toy
2704934519_457dc38986.jpg,a young boy in a swimsuit jumps into a pool
2928152792_b16c73434a.jpg,a man in a red shirt is standing next to a small dog
2924259848_effb4dcb82.jpg,a man on a motorcycle is riding on a dirt track
3499720588_c32590108e.jpg,a man in a red shirt is standing next to a man in a red shirt
3359551687_68f2f0212a.jpg,a woman in a costume is riding a unicycle
3201427741_3033f5b625.jpg,a man in a red shirt is standing next to a man in a red shirt
3301859683_2d5e4b40a3.jpg,a man is skiing down a snowy hill
3541474181_489f19fae7.jpg,a man in a red shirt is climbing a snowy mountain
3532205154_5674b628ea.jpg,a man in a white shirt and a woman in a black shirt give faces
2844641033_dab3715a99.jpg,a young boy in a swimsuit is running through sprinklers
191003285_edd8d0cf58.jpg,a man in a white shirt and a woman in a red shirt are standing in front of a store
3213992947_3f3f967a9f.jpg,a man in a red shirt is standing on a park bench
3234115903_f4dfc8fc75.jpg,a man in a white shirt is running on a track
3285993030_87b0f1d202.jpg,a black dog is running through the grass
3259002340_707ce96858.jpg,a black dog is running through a field
3605061440_1d08c80a57.jpg,a man in a red shirt is standing next to a large rock
172097782_f0844ec317.jpg,a man in a black wetsuit is surfing
3123463486_f5b36a3624.jpg,a black dog is running through a field
2479652566_8f9fac8af5.jpg,a man in a red shirt is sitting on a bench with a shopping cart
3339140382_2e49bc324a.jpg,a man is climbing a rock face
293327462_20dee0de56.jpg,a dog is running through a field
3677318686_b018862bb7.jpg,a young boy in a red shirt is running on the grass
3364026240_645d533fda.jpg,a person is skiing down a snowy mountain
2436081047_bca044c1d3.jpg,a boy in a red shirt is jumping on a trampoline
3030566410_393c36a6c5.jpg,a young boy in a swimsuit jumps into a pool
2309860995_c2e2a0feeb.jpg,a man in a white shirt and a woman in a red shirt are standing in front of a store
3030294889_78b2ccbe51.jpg,a man in a black wetsuit is walking along a breaking wave
401079494_562454c4d6.jpg,a black dog is running through a field
1356796100_b265479721.jpg,a young boy in a red shirt is playing with a toy
3181701312_70a379ab6e.jpg,a man in a white shirt and a woman in a white shirt are sitting on a bench in front of a store
3593392955_a4125087f6.jpg,a black dog is running through the water
3119875880_22f9129a1c.jpg,a man is climbing a rock face
2140182410_8e2a06fbda.jpg,a man in a red shirt is walking on a snowy hill
447111935_5af98563e3.jpg,a dog is running through a field
3222055946_45f7293bb2.jpg,a basketball player in a white shirt is challenging the ball
3348385580_10b53391f9.jpg,a man in a red shirt is standing on a snowy hill
3040033126_9f4b88261b.jpg,a dog is running through the water
197504190_fd1fc3d4b7.jpg,a young boy in a red shirt is playing with a toy
2595186208_9b16fa0ee3.jpg,a dog is running through the water
2696866120_254a0345bc.jpg,a dog is running through a field
791338571_7f38510bf7.jpg,a dog is running through a field
3224227640_31865b3651.jpg,a dog is running through the grass
353180303_6a24179c50.jpg,a man in a white shirt is standing in front of a crowd
3138399980_d6ab8b2272.jpg,a man in a red shirt is standing next to a railing
3518126579_e70e0cbb2b.jpg,a boy in a red shirt is jumping on a bed
3061481868_d1e00b1f2e.jpg,a man is riding a motorcycle on a track
2238019823_79318d1f11.jpg,a man paddles a boat in the water
3425835357_204e620a66.jpg,a young boy in a red shirt is playing with a toy
534875358_6ea30d3091.jpg,a man in a red shirt is sitting on a bench with a shopping cart
3135504530_0f4130d8f8.jpg,a man in a white shirt and a woman in a red shirt are standing in front of a store
3045613316_4e88862836.jpg,a man is standing on a snowy mountain
488590040_35a3e96c89.jpg,a man in a red shirt is standing on a snowy hill
3556598205_86c180769d.jpg,a man is riding a bike on a dirt track
2682382530_f9f8fd1e89.jpg,a boy in a red shirt is running on a playground
2370481277_a3085614c9.jpg,a soccer player in a red shirt is falling into the goal
127490019_7c5c08cb11.jpg,a young boy in a red shirt is running through a field of grass
2943023421_e297f05e11.jpg,a man is riding a bike on a trail
3490736665_38710f4b91.jpg,a dog is running through the grass
3696698390_989f1488e7.jpg,a man is riding a bike on a dirt path
968081289_cdba83ce2e.jpg,a man in a black wetsuit is walking along a beach
2351479551_e8820a1ff3.jpg,a boy is jumping on a trampoline
3521374954_37371b49a4.jpg,a young boy is eating a asleep swing
3347666612_659e6e2207.jpg,a young boy in a red shirt is running on the grass
3393343330_b13df4d8ec.jpg,a man with a red beard and a hat is standing next to a man in a white shirt
1523984678_edd68464da.jpg,a black and white dog is running through a field
3480051754_18e5802558.jpg,a man in a red shirt is standing next to a railing
1343426964_cde3fb54e8.jpg,a man in a red shirt is standing on a beach
535830521_aa971319fc.jpg,a man in a white shirt is sitting on a bench with a shopping cart
2860872588_f2c7b30e1a.jpg,a black dog is running through the grass
180094434_b0f244832d.jpg,a man in a red shirt is standing on a path
2533424347_cf2f84872b.jpg,a man is riding a four wheeler uphill past a series of long grass
2073105823_6dacade004.jpg,a man is standing on a bench in front of a large tree
370614351_98b8a166b9.jpg,a man in a white shirt and a woman in a red shirt give a book
2450299735_62c095f40e.jpg,a boy in a pool
2271755053_e1b1ec8442.jpg,a woman in a costume is running on the grass
473220329_819a913bbb.jpg,a man in a red shirt is standing on a path
2215136723_960edfea49.jpg,a man is climbing up a snowy mountain
3576259024_9c05b163aa.jpg,a man is rock climbing
3692593096_fbaea67476.jpg,a man is standing on a snowy mountain
3358558292_6ab14193ed.jpg,a man with a red beard and a hat is standing next to a woman in a red shirt
2120383553_5825333a3f.jpg,a young boy is petting a bug of himself
1329832826_432538d331.jpg,a man in a blue shirt and a woman in a white shirt are sitting on a bench in front of a building
1472230829_803818a383.jpg,a man paddles a boat in the rapids
2663794355_e726ec7e05.jpg,a man in a black wetsuit is walking along a beach
2473738924_eca928d12f.jpg,a man in a red shirt is standing next to a man in a white shirt
3558370311_5734a15890.jpg,a man on a bike jumping over a dirt hill
352981175_16ff5c07e4.jpg,a man is standing on a snowy mountain
3255482333_5bcee79f7e.jpg,a skier is making a jump
2450453051_f1d4a78ab4.jpg,a black and white dog is running through a field
1427391496_ea512cbe7f.jpg,a man in a red shirt is standing on a park bench
2384353160_f395e9a54b.jpg,a man in a white shirt and a woman in a red shirt are standing in front of a store
1456393634_74022d9056.jpg,a group of children are playing in the water
2994179598_a45c2732b5.jpg,a man in a white shirt is playing a guitar
245895500_a4eb97af02.jpg,a man in a red shirt is standing on a beach
464251704_b0f0c4c87a.jpg,a young boy is jumping on a bed
3217910740_d1d61c08ab.jpg,a man in a red shirt is standing next to a man in a white shirt
439037721_cdf1fc7358.jpg,a man in a red shirt is standing on a rock overlooking a lake
2265096094_8cc34d669c.jpg,a dog is running through a field
3214573346_d3a57f0328.jpg,a dog is running through a field
3715469645_6d1dc019b3.jpg,a man in a white shirt and a woman in a black shirt give faces
1237985362_dbafc59280.jpg,a woman in a red shirt is sitting on a bench with a guitar
909191414_1cf5d85821.jpg,a young boy in a red shirt is playing with a toy
2521770311_3086ca90de.jpg,a man in a red shirt is standing next to a man in a white shirt
2909955251_4b326a46a7.jpg,a man is standing on a rocky beach
436009777_440c7679a1.jpg,a man in a red shirt is sitting on a bench with a red bag
3584534971_b44f82c4b9.jpg,a man is riding a bike on a dirt track
3003691049_f4363c2d5c.jpg,a dog is running through a field
3100251515_c68027cc22.jpg,a man with a red shirt and a hat
3107513635_fe8a21f148.jpg,a man in a white shirt and a woman in a white shirt are sitting on a bench in front of a store
1287073593_f3d2a62455.jpg,a man in a red jacket is running through the snow
3422458549_f3f3878dbf.jpg,a baseball player is wearing a white shirt and a glove
3186412658_2ab2ebd397.jpg,a boy in a red shirt kicks a soccer ball
3592968286_b63c81bcd2.jpg,a man in a white shirt is playing guitar
496110746_a93ca191ae.jpg,a young boy is playing on a tire swing
3095225232_2e6e6dc92e.jpg,a man in a red shirt is standing on a bench
494921598_af73bda568.jpg,a man in a red shirt is fighting in the middle of a goal
2358898017_24496b80e8.jpg,a dog is running through a field
247704641_d883902277.jpg,a black dog is running through the water
3474406285_01f3d24b71.jpg,a black dog is running through a field
757332692_6866ae545c.jpg,a dog is running through a field
2648165716_02e2e74fd6.jpg,a young boy in a red shirt is playing with a toy
3347798761_5c5260b000.jpg,a man is riding a bike on a dirt path
1772859261_236c09b861.jpg,a dog is running through the water
3503689049_63212220be.jpg,a man in a white shirt and a woman in a white shirt give a funny face
2774554310_007e980a90.jpg,a man in a white shirt is standing in front of a crowd
3694093650_547259731e.jpg,a man in a white shirt and a woman in a black shirt give faces
363617160_6cb0c723be.jpg,a young boy is walking along a beach
1572532018_64c030c974.jpg,a boy in a swimsuit jumps into a swimming pool
307327914_f98f576adb.jpg,a man in a white shirt and a woman in a black shirt give faces
1626754053_81126b67b6.jpg,a black and white dog is running through a field
3727752439_907795603b.jpg,a man in a white shirt and a woman in a red shirt are standing in front of a store
1174629344_a2e1a2bdbf.jpg,a man in a white shirt and a woman in a red shirt are standing in front of a store
3397220683_4aca010f86.jpg,a dog is running through the water
2075321027_c8fcbaf581.jpg,a man in a red shirt is sitting on a bench in a wooded area
2041867793_552819a40b.jpg,a man in a red shirt is standing next to a man in a red shirt
880220939_0ef1c37f1f.jpg,a man in a white shirt and a woman in a white shirt are standing in front of a store
317383917_d8bfa350b6.jpg,a black dog is running through the snow
3192069971_83c5a90b4c.jpg,a man in a red shirt is riding a unicycle down the street
2311690895_0d6efe11c8.jpg,a black dog is running through a field
463978865_c87c6ca84c.jpg,a man in a blue shirt is riding a bicycle on a street
514990193_2d2422af2c.jpg,a man in a red shirt is standing next to a man in a red shirt
1408958345_68eea9a4e4.jpg,a young boy in a swimsuit jumps into a pool
3070011270_390e597783.jpg,a black dog is running through the water
2310126952_7dc86d88f6.jpg,a man in a red shirt is running on the snow
70995350_75d0698839.jpg,a man is standing on a rock overlooking a lake
2089426086_7acc98a3a8.jpg,a man in a red shirt is standing on a sidewalk with a shopping cart
1714316707_8bbaa2a2ba.jpg,a man in a red shirt is standing on a rock overlooking a lake
480505313_2dc686e5db.jpg,a man in a red shirt is standing on a park bench
3564543247_05cdbc31cf.jpg,a young boy in a red shirt is playing in the pool
3655964639_21e76383d0.jpg,a man in a red shirt is sitting on a bench with a woman in a red shirt
2921094201_2ed70a7963.jpg,a man with a red beard and a hat is standing next to a man in a white shirt
3596131692_91b8a05606.jpg,a young boy in a red shirt kicks a soccer ball
1682079482_9a72fa57fa.jpg,a young boy is sitting on a swing set in a green backyard
624742559_ff467d8ebc.jpg,a man in a red shirt is standing on a bench
2623930900_b9df917b82.jpg,a man in a white shirt and a woman in a black shirt give faces
1402640441_81978e32a9.jpg,a young boy in a red shirt is chasing a soccer ball
2706766641_a9df81969d.jpg,a young boy is playing on a bed
3017521547_f5ef8848e3.jpg,a young boy in a red shirt is chasing a soccer ball
422763475_0bc814dac6.jpg,a man in a red shirt is standing on a bench
154871781_ae77696b77.jpg,a young boy in a red shirt is running on the grass
3545586120_283d728a97.jpg,a woman in a white shirt is playing tennis
1584315962_5b0b45d02d.jpg,a man in a red shirt is standing on a snowy hill
3009644534_992e9ea2a7.jpg,a dog is running through a field
2854959952_3991a385ab.jpg,a black and white dog is running through a field
3315616181_15dd137e27.jpg,a boy in a red shirt is jumping on a trampoline
3200120942_59cfbb3437.jpg,a man is climbing a rock
2182488373_df73c7cc09.jpg,a man in a white shirt and a woman in a black shirt give a book
3108197858_441ff38565.jpg,a man in a white shirt and a woman in a red shirt are standing in front of a store
2248487950_c62d0c81a9.jpg,a man in a white shirt and a woman in a white shirt give a book
3217266166_4e0091860b.jpg,a man in a red shirt is standing on a bench in front of a large wooden bridge
2830869109_c4e403eae6.jpg,a man in a red shirt is standing on a beach
2693425189_47740c22ed.jpg,a young boy is petting a peach
3631986552_944ea208fc.jpg,a man paddles a boat in the ocean
3375070563_3c290a7991.jpg,a dog is running through the water
2901074943_041aba4607.jpg,a young boy in a red shirt is running on a sidewalk
2677656448_6b7e7702af.jpg,a dog is running through the water
872622575_ba1d3632cc.jpg,a man is climbing a rock face
3085667865_fa001816be.jpg,a man in a black wetsuit is jumping into a pool
3290105461_7590f23371.jpg,a young boy in a red shirt is playing with a toy
745880539_cd3f948837.jpg,a dog is running through a field
3220161734_77f42734b9.jpg,a young boy in a red shirt is playing with a toy thrown
466956209_2ffcea3941.jpg,a man is climbing a rock face
2764178773_d63b502812.jpg,a man is climbing a rock face
3047264346_e24601bfbf.jpg,a man in a white shirt and a woman in a red shirt give a book
3613800013_5a54968ab0.jpg,a dog is running through a field
3435035138_af32890a4c.jpg,a dog is running through the water
429851331_b248ca01cd.jpg,a black and white dog is running through the grass
3640422448_a0f42e4559.jpg,a man is doing a trick on a bicycle
2774430374_fee1d793e7.jpg,a man in a red shirt is standing on a bench
3217187564_0ffd89dec1.jpg,a dog is running through a field
3256275785_9c3af57576.jpg,a man in a red shirt is standing on a rock
3729525173_7f984ed776.jpg,a man in a white shirt is sitting on a bench with a shopping cart
1404832008_68e432665b.jpg,a man in a black wetsuit is surfing
3262075846_5695021d84.jpg,a young boy in a red shirt is playing with a red ball in a field
3482062809_3b694322c4.jpg,a man in a red shirt is standing on a bench
3585487286_ef9a8d4c56.jpg,a dog is running through the water
2757803246_8aa3499d26.jpg,a young boy in a red shirt is playing with a toy
3406930103_4db7b4dde0.jpg,a dog is running through the snow
2763044275_aa498eb88b.jpg,a black dog is running through the grass
3225310099_d8e419ba56.jpg,a man paddles a boat in the water
3452127051_fa54a902b3.jpg,a black dog is running through a field
488356951_b3b77ad832.jpg,a man in a white shirt and a woman in a red shirt are standing in front of a store
979383193_0a542a059d.jpg,a man in a red shirt is standing next to a man in a red shirt
2933637854_984614e18b.jpg,a boy in a red shirt is chasing a ball
434792818_56375e203f.jpg,a man in a red shirt is standing on a bench
2588927489_f4da2f11ec.jpg,a young boy in a red shirt is running on the grass
3497224764_6e17544e0d.jpg,a man in a red shirt is standing in front of a crowd
143688283_a96ded20f1.jpg,a man is climbing a rock wall
3365783912_e12c3510d8.jpg,a man in a white shirt and a woman in a red shirt are standing in front of a store
2901880865_3fd7b66a45.jpg,a man in a black wetsuit is surfing
317488612_70ac35493b.jpg,a black dog is running through the water
3701291852_373ea46bb6.jpg,a man in a black and white shirt is walking along a rocky beach
3568197730_a071d7595b.jpg,a boy in a red shirt is jumping on a trampoline
3385246141_a263d1053e.jpg,a man in a white shirt is climbing a rock
3162045919_c2decbb69b.jpg,a man in a wetsuit is surfing
3540416981_4e74f08cbb.jpg,a black and white dog is running through a field
391579205_c8373b5411.jpg,a man in a red shirt is standing next to a railing
3569406219_f37ebf7b92.jpg,a man in a red shirt is standing next to a man in a red shirt
3471841031_a949645ba8.jpg,a man in a red shirt is sitting on a bench with a large yellow object in front of him
3375991133_87d7c40925.jpg,a man in a black wetsuit is walking along a beach
2460797929_66446c13db.jpg,a group of people are sitting on a boat in the water
754852108_72f80d421f.jpg,a man in a white shirt and a woman in a red shirt are standing in front of a store
2616643090_4f2d2d1a44.jpg,a man in a red shirt is standing next to a man in a red shirt
2339106348_2df90aa6a9.jpg,a man in a white shirt and a woman in a black shirt give faces
500446858_125702b296.jpg,a dog is running through a field
925491651_57df3a5b36.jpg,a dog is running through the water
2599444370_9e40103027.jpg,a dog swims in the water
3385593926_d3e9c21170.jpg,a dog is running through the grass
2292406847_f366350600.jpg,a man paddles a boat in the water
2544426580_317b1f1f73.jpg,a small child is eating a asleep swing
302983277_69a4e732e4.jpg,a man is riding a horse through the woods
3458559770_12cf9f134e.jpg,a man is riding a bike on a dirt path
3494394662_3edfd4a34c.jpg,a man in a white shirt and a woman in a red shirt are standing in front of a store
3275704430_a75828048f.jpg,a man in a white shirt and a woman in a red shirt are standing in front of a store
1836335410_de8313a64e.jpg,a man in a red shirt is standing next to a man in a white shirt
3155987659_b9ea318dd3.jpg,a dog is running through a field
375392855_54d46ed5c8.jpg,a man in a red shirt is standing on a snowy mountain
1490670858_e122df2560.jpg,a man in a red shirt is standing on a bench
415793623_6c1225ae27.jpg,a man is climbing a rock
2340206885_58754a799a.jpg,a black dog is running through the water
3655155990_b0e201dd3c.jpg,a black dog is running through the water
2479162876_a5ce3306af.jpg,a dog is running through the water
3214237686_6566b8b52f.jpg,a snowboarder is jumping over a snowy hill
3182121297_38c99b2769.jpg,a man is climbing a snowy mountain
2652522323_9218afd8c2.jpg,a little boy is playing with a toy in the grass
2876993733_cb26107d18.jpg,a young boy in a red shirt is running on a sidewalk
324208502_674488bcea.jpg,a man in a red shirt is sitting on a bench with a woman in a red skirt
2160266952_a2ab39191b.jpg,a young boy in a red shirt is playing with a toy
3359530430_249f51972c.jpg,a person is skiing down a snowy mountain
1387785218_cee67735f5.jpg,a man in a red shirt is standing on a sidewalk with a red umbrella
261490838_2f3ac98b12.jpg,a black dog is running through a field
468310111_d9396abcbd.jpg,a dog is running through a field
317109978_cb557802e1.jpg,a dog is running through a field of grass
3584930205_a3f58a4b7c.jpg,a boy is jumping on a trampoline
300550441_f44ec3701a.jpg,a man in a red shirt is standing on a park bench
2893374123_087f98d58a.jpg,a man in a helmet is riding a unicycle down the street
583174725_6b522b621f.jpg,a man in a red shirt is standing on a rock
241345844_69e1c22464.jpg,a man in a white shirt is playing a game with a football in a stadium
2480327661_fb69829f57.jpg,a woman in a costume is holding a basketball
525863257_053333e612.jpg,a man in a red shirt is standing on a rock overlooking a lake
3516825206_5750824874.jpg,a man in a red shirt is standing next to a bus
224369028_b1ac40d1fa.jpg,a man in a red shirt is standing on a beach
2813992915_f732cf8539.jpg,a man is doing a trick on his bike
2981702521_2459f2c1c4.jpg,a man in a blue shirt and a woman in a white shirt are sitting on a bench in front of a building
2949982320_c704b31626.jpg,a boy in a red shirt is jumping on a trampoline
3143155555_32b6d24f34.jpg,a baby in a red shirt is sitting on a bed with a stuffed bear
2905942129_2b4bf59bc0.jpg,a young boy is swinging on a swing
494792770_2c5f767ac0.jpg,a black and white dog is running through a field
2061144717_5b3a1864f0.jpg,a man in a red shirt is standing on a park bench
339350939_6643bfb270.jpg,a dog is running through the water
2856080862_95d793fa9d.jpg,a man in a red shirt is playing a sport in a race
537559285_29be110134.jpg,a black dog is running through a field
115684808_cb01227802.jpg,a man in a red shirt is standing on a snowy hill
2496370758_a3fbc49837.jpg,a dog is running through a field
2877503811_4e311253ec.jpg,a man in a red shirt is standing next to a man in a red shirt
468102269_135938e209.jpg,a man in a red shirt is standing next to a man in a red shirt
1415591512_a84644750c.jpg,a little boy is playing with a toy in the grass
241347204_007d83e252.jpg,a man in a red shirt is playing guitar
2868575889_2c030aa8ae.jpg,a boy in a red shirt is jumping on a trampoline
3647750811_395fbd397e.jpg,a black and white dog is running through a field
1897025969_0c41688fa6.jpg,a black dog is running through a field
3562050678_4196a7fff3.jpg,a man is standing on a snowy mountain
1056338697_4f7d7ce270.jpg,a man in a red shirt is standing next to a man in a red shirt
2854207034_1f00555703.jpg,a man in a red shirt is standing in front of a crowd
2886411666_72d8b12ce4.jpg,a dog is running through a field
523985664_c866af4850.jpg,a man in a white shirt and a woman in a black shirt give faces
3218480482_66af7587c8.jpg,a basketball player in a white shirt is challenging the ball
3477715432_79d82487bb.jpg,a man in a red shirt is standing next to a man in a red shirt
2641770481_c98465ff35.jpg,a man in a red shirt is standing on a rock overlooking a lake
2502905671_c6039804ab.jpg,a man in a red shirt is standing on a rock overlooking a lake
1267711451_e2a754b4f8.jpg,a black dog is running through the grass
2301525531_edde12d673.jpg,a black dog is running through the snow
2461616306_3ee7ac1b4b.jpg,a young boy is jumping into a pool
2346401538_f5e8da66fc.jpg,a man in a white shirt and a woman in a red shirt are standing in front of a store
3506468593_7e41a6d9f1.jpg,a man in a red shirt is standing next to a railing
1339596997_8ac29c1841.jpg,a man in a white shirt and a woman in a red shirt give a book
2225231022_1632d0a5aa.jpg,a man in a white shirt and a woman in a red shirt give a book
3006093003_c211737232.jpg,a man in a white shirt and a woman in a red shirt are standing in front of a store
3597326009_3678a98a43.jpg,a man in a red shirt is standing next to a man in a red shirt
2953015871_cae796b6e7.jpg,a black dog is running through a field
2473791980_805c819bd4.jpg,a man in a black wetsuit is surfing
2892995070_39f3c9a56e.jpg,a black dog is running through the grass
2103568100_5d018c495b.jpg,a black dog is running through the water
1561658940_a947f2446a.jpg,a little boy is swinging on a swing
241347760_d44c8d3a01.jpg,a man in a white shirt and a white shirt is playing with a football
1322323208_c7ecb742c6.jpg,a man in a red shirt is standing on a rock
3484649669_7bfe62080b.jpg,a young boy splashes in the water
189721896_1ffe76d89e.jpg,a man is climbing up a rock
2128119486_4407061c40.jpg,a young boy in a red shirt is playing with a basket
1317292658_ba29330a0b.jpg,a young boy in a swimsuit is running through sprinklers
435827376_4384c3005a.jpg,a man in a blue shirt and a woman in a white shirt and a man in a white shirt sit on a bench
3694064560_467683205b.jpg,a man in a white shirt and a woman in a white shirt are sitting on a bench in front of a store
1547883892_e29b3db42e.jpg,a man in a red shirt is standing on a sidewalk with a shopping cart
197107117_4b438b1872.jpg,a man is climbing a rock face
3569979711_6507841268.jpg,a man in a black wetsuit is walking along a beach
2421446839_fe7d46c177.jpg,a dog is running through a field of grass
2105756457_a100d8434e.jpg,a man in a red shirt is standing on a bench
2073964624_52da3a0fc4.jpg,a man in a blue shirt is riding a bike on a sidewalk
300922408_05a4f9938c.jpg,a man in a black wetsuit is walking on a beach
3642220260_3aa8a52670.jpg,a black dog is running through the water
3207358897_bfa61fa3c6.jpg,a man in a white shirt is standing on a sidewalk with a red umbrella
2224450291_4c133fabe8.jpg,a man in a white shirt and a woman in a red shirt are standing in front of a store
229862312_1a0ba19dab.jpg,a black and white dog is running through a field
1536774449_e16b1b6382.jpg,a group of people are sitting on a bench in front of a store
2373234213_4ebe9c4ee5.jpg,a young boy in a red shirt is playing with a toy
2518508760_68d8df7365.jpg,a dog is running through a field
1917265421_aeccf1ca38.jpg,a man in a red shirt is standing on a park bench
2410320522_d967f0b75c.jpg,a black and white dog is running through a field
3256043809_47258e0b3e.jpg,a dog is running through a field
270724499_107481c88f.jpg,a black and white dog is running through a field
2999730677_0cfa1c146e.jpg,a dog is running through the grass
396360611_941e5849a3.jpg,a man is standing on a rock overlooking a waterfall
2839038702_e168128665.jpg,a man is standing on a rock overlooking a lake
1084040636_97d9633581.jpg,a dog is running through the water
2735558076_0d7bbc18fc.jpg,a man in a white shirt and a woman in a red shirt are sitting on a bench
2306674172_dc07c7f847.jpg,a boy is climbing a rock wall
211295363_49010ca38d.jpg,a man in a blue shirt is standing on a pier near a lake
3141293960_74459f0a24.jpg,a boy in a red shirt is playing on a basketball court
2511019188_ca71775f2d.jpg,a black and white dog is running through a field
2431470169_0eeba7d602.jpg,a young boy in a red shirt is playing with a toy
241345905_5826a72da1.jpg,a man in a white shirt is playing guitar
3286822339_5535af6b93.jpg,a man in a blue shirt and a woman in a white shirt and a man in a white and white shirt are sitting on a bench
2963573792_dd51b5fbfb.jpg,a young boy is sliding down a purple slide
2885387575_9127ea10f1.jpg,a black dog is running through a field
2189995738_352607a63b.jpg,a man in a black wetsuit is jumping into the water
2698666984_13e17236ae.jpg,a man in a speedo is walking along a beach
801607443_f15956d1ce.jpg,a man is climbing a rock face
799486353_f665d7b0f0.jpg,a man in a red shirt is standing in a field of flowers
2021613437_d99731f986.jpg,a woman in a white shirt is playing tennis
2064790732_219e52e19c.jpg,a man in a red shirt is standing next to a man in a red shirt
3149919755_f9272b10b3.jpg,a black dog is running through the water
3115174046_9e96b9ce47.jpg,a boy in a red shirt is jumping on a trampoline
3217620013_8b17873273.jpg,a basketball player in a white shirt is challenging the ball
533483374_86c5d4c13e.jpg,a dog is running through the water
3450874870_c4dcf58fb3.jpg,a man is skiing down a snowy hill
2985679744_75a7102aab.jpg,a man in a white shirt and a woman in a white shirt give a book
308487515_7852928f90.jpg,a man in a red shirt is standing on a bench
1258913059_07c613f7ff.jpg,a man is sitting on a bench with a dog
2815256108_fc1302117d.jpg,a man in a white shirt and a woman in a red shirt are standing in front of a store
3244747165_17028936e0.jpg,a man in a white shirt and a woman in a black shirt give gestures
3197917064_e679a44b8e.jpg,a dog is running through the snow
820169182_f5e78d7d19.jpg,a small boy is sitting on a swing
3485425825_c2f3446e73.jpg,a man in a red shirt is riding a unicycle down the street
263854883_0f320c1562.jpg,a dog is running through the grass
2419221084_01a14176b4.jpg,a dog is running through a field
1461667284_041c8a2475.jpg,a man in a blue shirt and a woman in a white shirt and a man in a white and white shirt are sitting on a bench
2739331794_4ae78f69a0.jpg,a motorcycle racer is riding a wheelie on a track
2984174290_a915748d77.jpg,a man in a black wetsuit is surfing
2343525685_3eba3b6686.jpg,a man is climbing up a rock
3358682439_be4b83544c.jpg,a man in a red shirt is standing next to a large dog
3222041930_f642f49d28.jpg,a man in a white shirt and a woman in a red shirt are standing in front of a store
56489627_e1de43de34.jpg,a man is standing on top of a mountain
3425851292_de92a072ee.jpg,a woman is playing a baseball
3247052319_da8aba1983.jpg,a man in a red shirt is riding a bike on a dirt track
2729655904_1dd01922fb.jpg,a dog is running through the water
2398605966_1d0c9e6a20.jpg,a black and white dog is running through the snow
3498327617_d2e3db3ee3.jpg,a dog is running through the water
241345811_46b5f157d4.jpg,a man in a red shirt is playing a game with a football in a stadium
3514019869_7de4ece2a5.jpg,a dog is running through a field
3692892751_f6574e2700.jpg,a man in a white shirt is playing a game with a football in a stadium
3609645320_815c294b65.jpg,a man in a red shirt is standing on a park bench
2594042571_2e4666507e.jpg,a man in a red shirt is standing next to a man in a red shirt
3459156091_c1879ebe28.jpg,a man in a red shirt is standing next to a machine
113678030_87a6a6e42e.jpg,a man in a red shirt is standing on a snowy mountain
1282392036_5a0328eb86.jpg,a man in a red shirt is standing next to a man in a white shirt
2559503010_84f20b3bc9.jpg,a man sits on a bench with a fire
311146855_0b65fdb169.jpg,a man in a black shirt is standing in front of a crowd
2918769188_565dd48060.jpg,a young boy in a bathing suit jumps into a pool
2932740428_b15384f389.jpg,a man is riding a bike on a dirt path
247637795_fdf26a03cf.jpg,a man in a red shirt is standing on a beach
3299820401_c2589186c5.jpg,a man on a bike jumping over a dirt hill
3128164023_ebe8da4c32.jpg,a black dog is running through the water
2498897831_0bbb5d5b51.jpg,a baby in a pink shirt is sitting on a bed
3670907052_c827593564.jpg,a man on a bike is riding on a dirt track
2061354254_faa5bd294b.jpg,a young boy in a red shirt is chasing a soccer ball
3016606751_0e8be20abd.jpg,a man is standing on top of a mountain
2414397449_2ac3b78e0d.jpg,a black and white dog is running through a field
3254817653_632e840423.jpg,a man in a white shirt and a woman in a black shirt give faces
2748729903_3c7c920c4d.jpg,a man in a red shirt is standing on a rock
3079787482_0757e9d167.jpg,a baby in a pink shirt is sitting on a bed
1262583859_653f1469a9.jpg,a man in a red shirt is riding a unicycle down the street
3737539561_d1dc161040.jpg,a young boy is playing in the grass
2575647360_f5de38c751.jpg,a man in a blue shirt and a woman in a white shirt and a man in a white and white shirt are sitting on a bench
2541104331_a2d65cfa54.jpg,a dog is running through the water
771048251_602e5e8f45.jpg,a man in a red shirt is standing next to a man in a red shirt
2475162978_2c51048dca.jpg,a young boy in a red shirt is running on the grass
2345984157_724823b1e4.jpg,a dog is running through the water
3074842262_62b1b2168c.jpg,a man in a red shirt is standing in front of a crowd
2612488996_9450de0e54.jpg,a man in a red shirt is standing next to a man in a red shirt
3113322995_13781860f2.jpg,a man in a red jacket is running through the snow
2602085456_d1beebcb29.jpg,a man in a red shirt is standing next to a man in a red shirt
3421789737_f625dd17ed.jpg,a young boy is swinging on a swing
3720366614_dfa8fe1088.jpg,a black dog is running through a field
3589895574_ee08207d26.jpg,a young boy is swinging on a swing
3605676864_0fb491267e.jpg,a young boy is jumping into a pool
2644430445_47c985a2ee.jpg,a man in a red shirt is standing next to a man in a red shirt
3427233064_6af01bfc5c.jpg,a boy in a red shirt is jumping on a trampoline
3592992234_6d3fe58a70.jpg,a little boy is playing on a swing
373394550_1b2296b8c4.jpg,a man in a red shirt is standing next to a man in a red shirt
758921886_55a351dd67.jpg,a man in a red shirt is standing on a bench
3416091866_a96003d652.jpg,a man in a blue shirt and a woman in a white shirt and a man in a white and white shirt are sitting on a bench
1417031097_ab656bc4bd.jpg,a man in a red shirt is standing on a bench
3072114570_e1c0127529.jpg,a man in a red shirt is sitting on a bench in a wooded area
416106657_cab2a107a5.jpg,a black and white dog is running through the grass
3328646934_5cca4cebce.jpg,a man in a red shirt is standing on a rock overlooking a lake
3484832904_08619300d9.jpg,a baseball player in a white and red uniform is throwing a ball
3523474077_16e14bc54c.jpg,a man in a red shirt is standing next to a man in a red shirt
2218609886_892dcd6915.jpg,a man in a red shirt is standing next to a man in a white shirt
2100816230_ff866fb352.jpg,a man is climbing a rock
3396157719_6807d52a81.jpg,a dog is running through the grass
1982852140_56425fa7a2.jpg,a man in a black wetsuit is jumping into the water
2847615962_c330bded6e.jpg,a dog is running through the grass
3244470342_c08f6bb17e.jpg,a man is climbing a rock face
2307118114_c258e3a47e.jpg,a man in a red shirt is standing next to a man in a red shirt
3019842612_8501c1791e.jpg,a man in a red shirt is standing on a bench
3119076670_64b5340530.jpg,a boy is climbing up a rock wall
2573625591_70291c894a.jpg,a black and white dog is running through a field
3565598162_56044bc2f7.jpg,a man in a white shirt and a woman in a red shirt give a book
2447284966_d6bbdb4b6e.jpg,a man in a red shirt is standing next to a man in a white shirt
460935487_75b2da7854.jpg,a black dog is running through a field
136552115_6dc3e7231c.jpg,a man on a bike is riding on a dirt path
3159995270_17334ccb5b.jpg,a man in a red shirt is standing on a snowy mountain
3363750526_efcedc47a9.jpg,a black dog is running through the grass
2866254827_9a8f592017.jpg,a man on a motorcycle is riding a dirt bike
543007912_23fc735b99.jpg,a young boy in a red shirt is playing with a toy
2458269558_277012780d.jpg,a young boy is playing on a swing
3317073508_7e13565c1b.jpg,a boy in a red shirt is chasing a ball
537532165_e4b7c0e61a.jpg,a young boy is swinging on a swing
3203908917_53e53c03d1.jpg,a man in a white shirt and a woman in a red shirt are standing in front of a store
54501196_a9ac9d66f2.jpg,a man is standing on top of a mountain
3589367895_5d3729e3ea.jpg,a man in a red shirt is standing next to a man in a red shirt
3635577874_48ebaac734.jpg,a man is riding a bike on a dirt path
3187395715_f2940c2b72.jpg,a boy in a red shirt is jumping on a trampoline
3767841911_6678052eb6.jpg,a little boy is playing with a toy in the grass
3624327440_bef4f33f32.jpg,a man paddles a boat on the beach
3287549827_04dec6fb6e.jpg,a man is climbing up a rock
1096395242_fc69f0ae5a.jpg,a young boy in a red shirt is playing with a toy
3015863181_92ff43f4d8.jpg,a man in a red shirt is standing next to a woman in a red shirt
3106026005_473a7b1c8c.jpg,a man in a white shirt and a woman in a red shirt are standing in front of a store
348380010_33bb0599ef.jpg,a dog is running through a field
2723477522_d89f5ac62b.jpg,a dog is running through a field of grass
3259666643_ae49524c81.jpg,a basketball player in a white shirt is challenging the ball
3350786891_6d39b234e9.jpg,a man in a white shirt and a woman in a red shirt give a book
561417861_8e25d0c0e8.jpg,a man in a blue shirt and a woman in a white shirt are sitting on a bench in front of a building
3430607596_7e4f74e3ff.jpg,a young boy swimming in a pool
2522297487_57edf117f7.jpg,a young girl in a pink shirt is holding a stove
2944836001_b38b516286.jpg,a young boy in a red shirt is playing with a toy
540721368_12ac732c6c.jpg,a man in a white shirt and a woman in a red shirt are standing in front of a store
3584561689_b6eb24dd70.jpg,a man in a white shirt is playing a basketball game
1786425974_c7c5ad6aa1.jpg,a black dog is running through a field
766099402_cdda6964f0.jpg,a boy in a red shirt is running on a stage
2884420269_225d27f242.jpg,a young boy in a red shirt is playing with a toy
2796801478_8ebd7e550b.jpg,a man is sitting on a bench with a red rope
2610447973_89227ff978.jpg,a man is riding a bicycle down a street
2207244634_1db1a1890b.jpg,a young boy in a red shirt is running on a sidewalk
3109704348_c6416244ce.jpg,a man in a red shirt kicks a soccer ball
3167365436_c379bda282.jpg,a man in a white shirt and a woman in a black shirt give faces
1432179046_8e3d75cf81.jpg,a man in a red shirt is standing on a sidewalk with a red umbrella
3116769029_f5a76f04ba.jpg,a young boy in a red shirt is playing with a toy
400851260_5911898657.jpg,a person is standing on a snowy mountain
670609997_5c7fdb3f0b.jpg,a black dog is running through a field
3044500219_778f9f2b71.jpg,a man in a white shirt and a woman in a red shirt are standing in front of a store
3655074079_7df3812bc5.jpg,a man in a white shirt is standing in front of a crowd
127488876_f2d2a89588.jpg,a man in a red shirt is standing in front of a crowd
226607225_44d696db6b.jpg,a dog is running through the water
3630332976_fdba22c50b.jpg,a man in a red shirt is standing next to a man in a white shirt
1298295313_db1f4c6522.jpg,a man in a black wetsuit is walking along a beach
3154641421_d1b9b8c24c.jpg,a woman in a costume is riding a unicycle
2534502836_7a75305655.jpg,a dog is running through a field
2869491449_1041485a6b.jpg,a black dog is running through a field
2683963310_20dcd5e566.jpg,a young boy is playing in a blow up toy
3080056515_3013830309.jpg,a man in a red shirt is standing next to a man in a red shirt
2657484284_daa07a3a1b.jpg,a man is sitting on a rock overlooking a waterfall
2676764246_c58205a365.jpg,a dog is running through a field
3123351642_3794f2f601.jpg,a man is riding a bike on a dirt track
3437147889_4cf26dd525.jpg,a motorcycle racer is riding a dirt bike
260828892_7925d27865.jpg,a man in a speedo is walking along a beach
2577972703_a22c5f2a87.jpg,a young boy is petting a peach bubble
279728508_6bd7281f3c.jpg,a man in a red shirt is standing on a park bench
3245460937_2710a82709.jpg,a young boy in a red shirt is playing baseball
405615014_03be7ef618.jpg,a man in a white shirt and a woman in a red shirt are standing in front of a store
3053743109_a2d780c0d2.jpg,a man in a red shirt is running on a stage
1352410176_af6b139734.jpg,a man in a red shirt is standing on a park bench
3155390408_8e1a81efb2.jpg,a black dog is running through a field
3424424006_98f9d1921c.jpg,a young boy in a red shirt is running on a sidewalk
510531976_90bbee22a2.jpg,a boy in a red shirt is jumping on a trampoline
2473689180_e9d8fd656a.jpg,a man in a red shirt is standing on a beach
541063517_35044c554a.jpg,a man is standing on top of a mountain
3028969146_26929ae0e8.jpg,a dog is running through a field
2900274587_f2cbca4c58.jpg,a man paddles a boat in the water
3251976937_20625dc2b8.jpg,a dog is running through the grass
2646046871_c3a5dbb971.jpg,a young boy in a red shirt is playing with a toy
506738508_327efdf9c3.jpg,a man in a white shirt and a woman in a red shirt are standing in front of a store
888425986_e4b6c12324.jpg,a boy is jumping on a bed
3436063693_15c8d377a2.jpg,a dog is running through a field
3354330935_de75be9d2f.jpg,a man in a red shirt is walking on a snowy hill
2782433864_5a0c311d87.jpg,a dog is running through the water
2505988632_9541f15583.jpg,a young boy is playing on a bed
3427118504_93126c83e0.jpg,a man in a white shirt and a woman in a red shirt are standing in front of a store
3239021459_a6b71bb400.jpg,a man is climbing a snowy mountain
2196107384_361d73a170.jpg,a man in a red shirt is standing next to a man in a red shirt
1174525839_7c1e6cfa86.jpg,a man in a black wetsuit is walking along a beach
1674612291_7154c5ab61.jpg,a black and white dog is running through a field
2587818583_4aa8e7b174.jpg,a young boy is petting a peach
3442242092_e579538d82.jpg,a man with a red beard and a hat is standing next to a woman in a red shirt
2870875612_2cbb9e4a3c.jpg,a dog is running through the water
3246991821_750a3097e2.jpg,a man in a red shirt is standing next to a man in a red shirt
2170222061_e8bce4a32d.jpg,a dog is running through a field
1425069308_488e5fcf9d.jpg,a dog is running through a field
300577375_26cc2773a1.jpg,a man is sitting on a bench with a dog
3602838407_bf13e49243.jpg,a black dog is running through the water
1248940539_46d33ed487.jpg,a man in a red shirt is standing on a beach
542317719_ed4dd95dc2.jpg,a young boy is sitting on a bed with a stuffed bear
136886677_6026c622eb.jpg,a man paddles a boat in the water
2533642917_a5eace85e6.jpg,a young boy is splashing in the water
3619416477_9d18580a14.jpg,a dog is running through the water
2938747424_64e64784f0.jpg,a black dog is running through the water
3504881781_6a842e043b.jpg,a man in a white shirt and a woman in a white shirt are sitting on a bench in front of a building
2549968784_39bfbe44f9.jpg,a young boy in a swimsuit is running through a sprinkler
2396025708_e4a72e2558.jpg,a man paddles a boat in the water
2813033949_e19fa08805.jpg,a black and white dog is running through a field
354642192_3b7666a2dd.jpg,a man in a black wetsuit is walking through a stream
3228069008_edb2961fc4.jpg,a dog is running through the grass
3539767254_c598b8e6c7.jpg,a man and a dog are playing in the water
2933912528_52b05f84a1.jpg,a black dog is running through the grass
2646116932_232573f030.jpg,a boy in a red shirt is playing on a swing
2289068031_fe26990183.jpg,a man in a red shirt is riding a unicycle down a suburban street
3360930596_1e75164ce6.jpg,a boy in a red shirt kicks a soccer ball
1386964743_9e80d96b05.jpg,a man in a red shirt is standing on a park bench
468608014_09fd20eb9b.jpg,a brown dog is running through a field of grass
2484190118_e89363c465.jpg,a man in a red shirt is standing on a sidewalk with a shopping cart
3211556865_d1d9becf69.jpg,a man is climbing a rock face
3301811927_a2797339e5.jpg,a hockey player in a red uniform is being watched by a group of hockey players in the front of a goal
3214885227_2be09e7cfb.jpg,a man in a red shirt is standing on a beach
2208310655_a3d83080c5.jpg,a baby in a red shirt is sitting on a bed
509778093_21236bb64d.jpg,a black and white dog is running through a field
2204550058_2707d92338.jpg,a man in a white shirt and a woman in a red shirt are standing in front of a store
3145967309_b33abe4d84.jpg,a woman in a red shirt and a man in a white shirt are playing music
747921928_48eb02aab2.jpg,a man in a red shirt is standing next to a newspaper
2950905787_f2017d3e49.jpg,a man is standing on a snowy mountain
544576742_283b65fa0d.jpg,a man is climbing a rock
2256133102_e2c8314ecb.jpg,a man paddles a boat in the water
3502343542_f9b46688e5.jpg,a man climbing a rock face
2197275664_fabcf3424b.jpg,a boy in a red shirt is running on a green scooter
2077079696_03380d218b.jpg,a man is climbing a rock face
2926595608_69b22be8d4.jpg,a man in a white shirt is running on the mat
452419961_6d42ab7000.jpg,a man in a red shirt is standing next to a woman in a red shirt
3323988406_e3c8fce690.jpg,a man is sitting on a bench with a stick in his hand
2162564553_96de62c7e6.jpg,a man is standing on a snowy mountain
2914206497_5e36ac6324.jpg,a man in a red shirt is riding a bike on a track
3333921867_6cc7d7c73d.jpg,a black dog is running through the grass
3223224391_be50bf4f43.jpg,a black dog is running through the grass
3071676551_a65741e372.jpg,a man paddles a boat in the water
3114944484_28b5bb9842.jpg,a man with a red hat and a cast smokes a cigarette
448658518_eec0b648a6.jpg,a young boy in a red shirt is running on a street
3503623999_bbd5dcfb18.jpg,a man in a white shirt and a woman in a black shirt give faces
2192131110_8a40e7c028.jpg,a boy in a red shirt is jumping on a trampoline
1554713437_61b64527dd.jpg,a dog is running through a field
2148916767_644ea6a7fa.jpg,a black dog is running through the snow
326456451_effadbbe49.jpg,a black dog is running through a field
2308271254_27fb466eb4.jpg,a black dog is running through the water
256085101_2c2617c5d0.jpg,a dog is running through the grass
244571201_0339d8e8d1.jpg,a dog is running through the water
3197981073_3156963446.jpg,a man in a white shirt is playing guitar
2602258549_7401a3cdae.jpg,a man in a red shirt is standing next to a man in a red shirt
3387542157_81bfd00072.jpg,a woman in a costume is riding a unicycle
3630641436_8f9ac5b9b2.jpg,a black dog is running through the water
493621130_152bdd4e91.jpg,a dog is running through the water
3685328542_ab999b83bb.jpg,a woman in a white sports outfit is running on the grass
524105255_b346f288be.jpg,a man in a red shirt is standing next to a man in a red shirt
1389264266_8170bc1c54.jpg,a man in a white shirt and a woman in a red shirt are standing in front of a store
1808370027_2088394eb4.jpg,a man in a black shirt is standing on a beach
3270691950_88583c3524.jpg,a man in a black wetsuit is walking along a beach
3168123064_d1983b8f92.jpg,a man is standing on a beach
3185409663_95f6b958d8.jpg,a man in a black and white shirt is standing in a river with a man in the background
3234401637_84e0d14414.jpg,a man in a red shirt is standing on a rock
3121521593_18f0ec14f7.jpg,a man with a red beard and a hat is standing next to a woman in a red shirt
3185371756_ff4e9fa8a6.jpg,a boy in a red shirt is jumping on a trampoline
3243588540_b418ac7eda.jpg,a man in a white shirt and a woman in a red shirt are standing in front of a store
2206960564_325ed0c7ae.jpg,a dog is running through the water
132489044_3be606baf7.jpg,a man in a red shirt is standing next to a man in a red shirt
1517721825_10176d0683.jpg,a black dog is running through the water
254295381_d98fa049f4.jpg,a black dog is running through a field
2759860913_f75b39d783.jpg,a man is standing on top of a mountain
2806710650_e201acd913.jpg,a man in a red shirt is standing on a rock
444481722_690d0cadcf.jpg,a man in a white shirt and a woman in a red shirt are standing in front of a store
3263395801_5e4cee2b9e.jpg,a man on a bike jumping over a dirt hill
2991994415_504d1c0a03.jpg,a man in a white shirt and a woman in a black shirt give faces
2112921744_92bf706805.jpg,a man is standing on a rock overlooking a waterfall
2482629385_f370b290d1.jpg,a black dog is running through a field
270816949_ffad112278.jpg,a man is standing on top of a mountain
2945036454_280fa5b29f.jpg,a dog is running through a field
2991994607_06f24ec7a6.jpg,a man in a white shirt and a woman in a red shirt are standing in front of a store
498444334_a680d318a1.jpg,a man in a white shirt and a woman in a red shirt are standing in front of a store
2883099128_0b056eed9e.jpg,a man in a red shirt is standing on a beach
2600867924_cd502fc911.jpg,a dog is running through a field
1659358141_0433c9bf99.jpg,a dog is running through the grass
2934359101_cdf57442dc.jpg,a woman in a costume is holding a basketball
138718600_f430ebca17.jpg,a man is riding a bike on a dirt path
2922973230_5a769ef92a.jpg,a man in a red shirt is standing on a rock overlooking a lake
3044746136_8b89da5f40.jpg,a man in a white shirt and a woman in a white shirt and a man in a white and white shirt are riding a unicycle
3610683688_bbe6d725ed.jpg,a black dog is running through the water
2971431335_e192613db4.jpg,a man in a red shirt is standing on a rock
3349451628_4249a21c8f.jpg,a boy in a red shirt is jumping on a trampoline
424779662_568f9606d0.jpg,a man in a white shirt and a woman in a black shirt give faces
2654514044_a70a6e2c21.jpg,a dog is running through a field of grass
2631300484_be8621d17b.jpg,a man in a red shirt is standing next to a public bench
2660008870_b672a4c76a.jpg,a young boy splashes in the water
1490213660_9ea45550cf.jpg,a dog is running through the water
444057017_f1e0fcaef7.jpg,a boy is swinging on a swing
3595643050_d312e4b652.jpg,a black and white dog is running through a field
3250695024_93e8ab7305.jpg,a man with a red beard and a hat is standing next to a woman in a red shirt
1394368714_3bc7c19969.jpg,a man in a red shirt is standing next to a woman in a red shirt
493109089_468e105233.jpg,a young boy is jumping on a bed
2300168895_a9b83e16fc.jpg,a brown dog is running through a field of grass
2543589122_ec3e55f434.jpg,a black dog is running through the grass
2495931537_9b8d4474b6.jpg,a black and white dog is running through a field
280706862_14c30d734a.jpg,a black dog is running through the grass
3591458156_f1a9a33918.jpg,a man in a red shirt is riding a horse on a dirt track
350443876_c9769f5734.jpg,a young boy in a red shirt is running on a sidewalk
2788945468_74a9618cfa.jpg,a man in a red shirt is standing next to a trashcan
241031254_0c6f30e3d1.jpg,a man in a red shirt is standing on a park bench
3143982558_9e2d44c155.jpg,a woman in a red shirt is holding a baby in a crowd
3572267708_9d8a81d4a4.jpg,a man in a white shirt is playing a game with a football
2196846255_2c1635359a.jpg,a dog is running through the water
2922222717_12195af92d.jpg,a black dog is running through a field
2120411340_104eb610b1.jpg,a dog is running through a field
3203453897_6317aac6ff.jpg,a man in a red shirt is sitting on a bench with a woman in a red shirt
339658315_fbb178c252.jpg,a man in a red shirt is standing next to a man in a red shirt
3461041826_0e24cdf597.jpg,a black dog is running through the water
3354883962_170d19bfe4.jpg,a black dog is running through a field
424416723_19c56cb365.jpg,a dog is running through a field
3639967449_137f48b43d.jpg,a woman in a red shirt is sitting on a bench with a guitar
2607462776_78e639d891.jpg,a black dog is running through the water
384577800_fc325af410.jpg,a dog is running through the snow
53043785_c468d6f931.jpg,a man in a black wetsuit is walking along a beach
3220650628_4ed964e5b4.jpg,a man in a blue shirt is standing next to a man in a white shirt
3545652636_0746537307.jpg,a young boy in a red shirt kicks a soccer ball
3530843182_35af2c821c.jpg,a man in a white shirt and a woman in a red shirt are standing in front of a store
524282699_71e678a6bd.jpg,a black dog is running through the water
2497420371_74788d7ba1.jpg,a man in a red shirt is sitting on a bench in a wooded area
136644343_0e2b423829.jpg,a young boy is swinging on a swing
57422853_b5f6366081.jpg,a man is climbing a rock
223299142_521aedf9e7.jpg,a man is standing on top of a mountain
751109943_2a7f8e117f.jpg,a young boy in a red shirt is playing with a toy
2891617125_f939f604c7.jpg,a man is riding a motorcycle on a track
1220401002_3f44b1f3f7.jpg,a young boy in a red shirt is running through a field of grass
929679367_ff8c7df2ee.jpg,a dog is running through a field
3578841731_f775cab089.jpg,a man is riding a bike on a rocky trail
497791037_93499238d8.jpg,a young boy is swinging on a swing
2708686056_1b8f356264.jpg,a young boy in a swimming pool
3139876823_859c7d7c23.jpg,a man is sitting on a snowbank overlooking a wooded area
2844018783_524b08e5aa.jpg,a man in a red shirt is standing in front of a crowd
3582742297_1daa29968e.jpg,a dog is running through the grass
1332722096_1e3de8ae70.jpg,a man in a red shirt is sitting on a bench with a shopping cart
3462454965_a481809cea.jpg,a black dog is running through a field
1287475186_2dee85f1a5.jpg,a young boy splashes in the water
2707873672_15e6b5d54b.jpg,a boy in a red shirt is playing on a trampoline
2054869561_ff723e9eab.jpg,a black and white dog is running through a field
2675685200_0913d84d9b.jpg,a man in a red shirt is standing next to a man in a red shirt
421322723_3470543368.jpg,a man with a red shirt and a hat is standing next to a man in a white shirt
2594902417_f65d8866a8.jpg,a brown dog is running through the grass
2649406158_ded6be38de.jpg,a man in a red shirt is riding a horse on a horse
509123893_07b8ea82a9.jpg,a young boy in a red shirt is playing with a toy
3453259666_9ecaa8bb4b.jpg,a little boy in a red shirt is playing on a swing
3191135894_2b4bdabb6d.jpg,a man in a red shirt is standing next to a railing
2968182121_b3b491df85.jpg,a dog is running through a field
1311388430_4ab0cd1a1f.jpg,a man is climbing a rock
2929506802_5432054d77.jpg,a man in a red shirt is raising his arms
3544793763_b38546a5e8.jpg,a woman in a white sports outfit is running on the grass
3332467180_d72f9b067d.jpg,a man in a red shirt is standing on a sidewalk with a shopping cart
3058439373_9276a4702a.jpg,a man with a red shirt and a cast bag is standing next to a man in a white shirt
2472980433_210ec62874.jpg,a man on a bicycle is riding on a dirt track
2525270674_4ab536e7ec.jpg,a dog is running through a field
2194286203_5dc620006a.jpg,a man in a red shirt is standing on a park bench
2589241160_3832440850.jpg,a dog is running through the grass
2666205903_8d287669e1.jpg,a man in a white shirt is standing next to a man in a white shirt
2083434441_a93bc6306b.jpg,a man in a blue shirt is sitting on a motorcycle
2529116152_4331dabf50.jpg,a boy in a red shirt is playing on a trampoline
1765164972_92dac06fa9.jpg,a man in a red shirt is standing next to a man in a white shirt
2559921948_06af25d566.jpg,a boy in a swimsuit is running on the beach
